{
  "timestamp": "2026-01-03T00:31:52.018082",
  "best_accuracy": 94.72982761118354,
  "n_samples": 588,
  "n_features": 570,
  "results": {
    "rf": [
      0.940677966101695,
      0.8983050847457628,
      0.923728813559322,
      0.9401709401709402,
      0.9230769230769231
    ],
    "et": [
      0.9745762711864406,
      0.8983050847457628,
      0.923728813559322,
      0.9316239316239316,
      0.9487179487179487
    ],
    "gb": [
      0.9661016949152542,
      0.923728813559322,
      0.940677966101695,
      0.9401709401709402,
      0.9658119658119658
    ],
    "ada": [
      0.7457627118644068,
      0.7542372881355932,
      0.7033898305084746,
      0.811965811965812,
      0.7521367521367521
    ],
    "svm": [
      0.7288135593220338,
      0.7711864406779662,
      0.6864406779661016,
      0.7863247863247863,
      0.7863247863247863
    ],
    "mlp": [
      0.652542372881356,
      0.7796610169491526,
      0.7203389830508474,
      0.7521367521367521,
      0.7863247863247863
    ],
    "knn": [
      0.9576271186440678,
      0.9067796610169492,
      0.9152542372881356,
      0.9316239316239316,
      0.9145299145299145
    ],
    "ensemble": [
      0.940677966101695,
      0.8898305084745762,
      0.9152542372881356,
      0.9316239316239316,
      0.9316239316239316
    ]
  }
}