disease,n_samples,n_control,n_disease,accuracy_mean,accuracy_std,precision_mean,recall_mean,f1_mean,auc_mean,sensitivity_mean,specificity_mean
parkinson,100,50,50,1.0,0.0,1.0,1.0,1.0,1.0,1.0,1.0
epilepsy,100,50,50,1.0,0.0,1.0,1.0,1.0,1.0,1.0,1.0
autism,100,50,50,0.9099999999999999,0.04183300132670376,0.9262626262626263,0.9,0.9079668869142553,0.986,0.9,0.9200000000000002
schizophrenia,100,50,50,1.0,0.0,1.0,1.0,1.0,1.0,1.0,1.0
stress,100,50,50,1.0,0.0,1.0,1.0,1.0,1.0,1.0,1.0
alzheimer,100,50,50,1.0,0.0,1.0,1.0,1.0,1.0,1.0,1.0
depression,100,50,50,1.0,0.0,1.0,1.0,1.0,1.0,1.0,1.0
