{
  "timestamp": "2026-01-03T00:41:05.213376",
  "results": [
    {
      "disease": "Schizophrenia",
      "best_model": "GB",
      "accuracy": 89.2756804214223,
      "std": 3.0680885901350763,
      "samples": 336,
      "all_results": {
        "RF": [
          0.8529411764705882,
          0.8656716417910447,
          0.8805970149253731,
          0.9253731343283582,
          0.8656716417910447
        ],
        "GB": [
          0.9264705882352942,
          0.835820895522388,
          0.8955223880597015,
          0.9104477611940298,
          0.8955223880597015
        ],
        "ET": [
          0.8676470588235294,
          0.8656716417910447,
          0.8208955223880597,
          0.8507462686567164,
          0.8805970149253731
        ],
        "SVM": [
          0.6764705882352942,
          0.7611940298507462,
          0.6865671641791045,
          0.746268656716418,
          0.8208955223880597
        ]
      }
    },
    {
      "disease": "Epilepsy",
      "best_model": "RF",
      "accuracy": 84.88172043010753,
      "std": 7.52491525771527,
      "samples": 153,
      "all_results": {
        "RF": [
          0.8387096774193549,
          0.8709677419354839,
          0.967741935483871,
          0.8333333333333334,
          0.7333333333333333
        ],
        "GB": [
          0.7419354838709677,
          0.8387096774193549,
          0.9032258064516129,
          0.7666666666666667,
          0.7333333333333333
        ],
        "ET": [
          0.7741935483870968,
          0.9032258064516129,
          0.9354838709677419,
          0.8333333333333334,
          0.7333333333333333
        ],
        "SVM": [
          0.8064516129032258,
          0.967741935483871,
          0.9354838709677419,
          0.8333333333333334,
          0.6333333333333333
        ]
      }
    },
    {
      "disease": "Stress",
      "best_model": "GB",
      "accuracy": 48.5,
      "std": 3.391164991562635,
      "samples": 200,
      "all_results": {
        "RF": [
          0.425,
          0.5,
          0.375,
          0.4,
          0.55
        ],
        "GB": [
          0.475,
          0.5,
          0.425,
          0.5,
          0.525
        ],
        "ET": [
          0.4,
          0.5,
          0.4,
          0.4,
          0.5
        ],
        "SVM": [
          0.45,
          0.525,
          0.45,
          0.375,
          0.425
        ]
      }
    },
    {
      "disease": "Autism",
      "best_model": "ET",
      "accuracy": 72.0,
      "std": 11.224972160321823,
      "samples": 100,
      "all_results": {
        "RF": [
          0.65,
          0.9,
          0.6,
          0.6,
          0.65
        ],
        "GB": [
          0.7,
          0.85,
          0.65,
          0.6,
          0.6
        ],
        "ET": [
          0.75,
          0.9,
          0.7,
          0.55,
          0.7
        ],
        "SVM": [
          0.6,
          0.8,
          0.7,
          0.65,
          0.65
        ]
      }
    },
    {
      "disease": "Parkinson",
      "best_model": "RF",
      "accuracy": 100.0,
      "std": 0.0,
      "samples": 100,
      "all_results": {
        "RF": [
          1.0,
          1.0,
          1.0,
          1.0,
          1.0
        ],
        "GB": [
          1.0,
          1.0,
          1.0,
          1.0,
          1.0
        ],
        "ET": [
          1.0,
          1.0,
          1.0,
          1.0,
          1.0
        ],
        "SVM": [
          1.0,
          1.0,
          1.0,
          1.0,
          1.0
        ]
      }
    }
  ],
  "average_accuracy": 78.93148017030596
}