{
  "timestamp": "2026-01-03T00:45:51.906635",
  "results": [
    {
      "disease": "Schizophrenia",
      "best_model": "GB",
      "accuracy": 89.2756804214223,
      "std": 3.0680885901350763,
      "samples": 336,
      "all_results": {
        "RF": [
          0.8529411764705882,
          0.8656716417910447,
          0.8805970149253731,
          0.9253731343283582,
          0.8656716417910447
        ],
        "GB": [
          0.9264705882352942,
          0.835820895522388,
          0.8955223880597015,
          0.9104477611940298,
          0.8955223880597015
        ],
        "ET": [
          0.8676470588235294,
          0.8656716417910447,
          0.8208955223880597,
          0.8507462686567164,
          0.8805970149253731
        ],
        "SVM": [
          0.6764705882352942,
          0.7611940298507462,
          0.6865671641791045,
          0.746268656716418,
          0.8208955223880597
        ]
      }
    },
    {
      "disease": "Epilepsy",
      "best_model": "SVM",
      "accuracy": 89.09274193548387,
      "std": 5.997229892973751,
      "samples": 156,
      "all_results": {
        "RF": [
          0.84375,
          0.9032258064516129,
          0.9354838709677419,
          0.7419354838709677,
          0.8064516129032258
        ],
        "GB": [
          0.75,
          0.7741935483870968,
          0.8064516129032258,
          0.7419354838709677,
          0.7096774193548387
        ],
        "ET": [
          0.8125,
          0.9354838709677419,
          0.9354838709677419,
          0.7419354838709677,
          0.8387096774193549
        ],
        "SVM": [
          0.90625,
          0.967741935483871,
          0.9354838709677419,
          0.8064516129032258,
          0.8387096774193549
        ]
      }
    },
    {
      "disease": "Stress",
      "best_model": "ET",
      "accuracy": 74.375,
      "std": 1.8162078931419492,
      "samples": 480,
      "all_results": {
        "RF": [
          0.7395833333333334,
          0.75,
          0.71875,
          0.7291666666666666,
          0.7291666666666666
        ],
        "GB": [
          0.6875,
          0.7291666666666666,
          0.6979166666666666,
          0.6354166666666666,
          0.7083333333333334
        ],
        "ET": [
          0.7708333333333334,
          0.75,
          0.75,
          0.7291666666666666,
          0.71875
        ],
        "SVM": [
          0.7083333333333334,
          0.6770833333333334,
          0.75,
          0.7291666666666666,
          0.6979166666666666
        ]
      }
    },
    {
      "disease": "Autism",
      "best_model": "ET",
      "accuracy": 72.0,
      "std": 11.224972160321823,
      "samples": 100,
      "all_results": {
        "RF": [
          0.65,
          0.9,
          0.6,
          0.6,
          0.65
        ],
        "GB": [
          0.7,
          0.85,
          0.65,
          0.6,
          0.6
        ],
        "ET": [
          0.75,
          0.9,
          0.7,
          0.55,
          0.7
        ],
        "SVM": [
          0.6,
          0.8,
          0.7,
          0.65,
          0.65
        ]
      }
    },
    {
      "disease": "Parkinson",
      "best_model": "RF",
      "accuracy": 100.0,
      "std": 0.0,
      "samples": 100,
      "all_results": {
        "RF": [
          1.0,
          1.0,
          1.0,
          1.0,
          1.0
        ],
        "GB": [
          1.0,
          1.0,
          1.0,
          1.0,
          1.0
        ],
        "ET": [
          1.0,
          1.0,
          1.0,
          1.0,
          1.0
        ],
        "SVM": [
          1.0,
          1.0,
          1.0,
          1.0,
          1.0
        ]
      }
    }
  ],
  "average_accuracy": 84.94868447138124
}