{
  "timestamp": "2026-01-03T00:28:39.263647",
  "best_accuracy": 64.26877470355731,
  "std": 6.253808850504819,
  "best_params": {
    "lr": 0.001,
    "batch_size": 16,
    "epochs": 100
  },
  "fold_results": [
    56.52173913043478,
    73.91304347826087,
    68.18181818181819,
    59.09090909090909,
    63.63636363636363
  ],
  "n_samples": 112,
  "n_healthy": 53,
  "n_schizophrenia": 59
}