{
  "overall_accuracy": 1.0,
  "overall_f1": 1.0,
  "per_disease": {
    "schizophrenia": 1.0,
    "autism": 1.0,
    "parkinson": 1.0,
    "stress": 1.0,
    "epilepsy": 1.0,
    "depression": 1.0
  },
  "individual_models": {
    "rf": {
      "accuracy": 1.0,
      "f1": 1.0
    },
    "gb": {
      "accuracy": 0.989247311827957,
      "f1": 0.9885846811843017
    },
    "svm": {
      "accuracy": 0.946236559139785,
      "f1": 0.9437883631432019
    },
    "mlp": {
      "accuracy": 1.0,
      "f1": 1.0
    },
    "ensemble": {
      "accuracy": 1.0,
      "f1": 1.0
    }
  },
  "confusion_matrix": [
    [
      25,
      0,
      0,
      0,
      0,
      0
    ],
    [
      0,
      20,
      0,
      0,
      0,
      0
    ],
    [
      0,
      0,
      20,
      0,
      0,
      0
    ],
    [
      0,
      0,
      0,
      20,
      0,
      0
    ],
    [
      0,
      0,
      0,
      0,
      4,
      0
    ],
    [
      0,
      0,
      0,
      0,
      0,
      4
    ]
  ]
}